,coconut_id_keyname,identifier_list,Molecular Weight,LogP,Molecular Formula,Number of H-Donors,Number of Rings,Number of H-Acceptors,Chi Connectivity Indices,Kappa Shape Indices,number_of_broken_Lipinski_Rules
0,CNP0125965,"InChI=1S/C41H70O13/c1-21(2)8-7-9-24(45)22-12-15-39(5)23(22)10-11-28-40(39,6)16-13-27-38(3,4)29(14-17-41(27,28)20-44)53-37-35(33(49)31(47)26(19-43)52-37)54-36-34(50)32(48)30(46)25(18-42)51-36/h8,22-37,42-50H,7,9-20H2,1-6H3",770.9980000000004,1.7605000000000017,C41H70O13,9,6,13,25.40994113823762,42.81581379151399,3
1,CNP0436865,"InChI=1S/C64H88N6O7/c1-5-69-62-33-42-14-10-13-40-12-6-7-24-60(3,30-39-18-21-52(65)68-36-39)31-43-15-11-16-47-54(43)57(74)64(59(75)76-55(50(62)28-48(40)42)49-29-51(72)61(25-8-9-26-61)32-44(49)34-62)63(77-64,56(47)73)35-45(37-71)38(2)17-19-41-23-27-67-58-46(41)20-22-53(66-4)70-58/h10-11,14-16,18,21,23,33,36,40,44,46,48-53,55,58,66-72H,5-9,12-13,17,19-20,22,24-32,34-35,37,65H2,1-4H3/b45-38-",1053.4429999999993,8.044200000000009,C64H88N6O7,8,12,13,37.17713532317049,53.58527845107609,4
2,CNP0211232,"InChI=1S/C38H63N9O4/c1-3-4-5-7-10-16-27-25-28-19-20-31-32(26(2)43-38(44-27)47(28)31)34(48)50-23-13-9-6-8-11-17-29-33(30-18-15-22-46(30)37(41)45-29)35(49)51-24-14-12-21-42-36(39)40/h27-29,31H,3-25H2,1-2H3,(H2,41,45)(H,43,44)(H4,39,40,42)",709.9809999999998,5.132140000000008,C38H63N9O4,6,5,9,24.778096000876637,38.46068551120476,3
3,CNP0436877,"InChI=1S/C38H63N9O4/c1-3-4-5-7-10-16-27-25-28-19-20-31-32(26(2)43-38(44-27)47(28)31)34(48)50-23-13-9-6-8-11-17-29-33(30-18-15-22-46(30)37(41)45-29)35(49)51-24-14-12-21-42-36(39)40/h27-29,31H,3-25H2,1-2H3,(H2,41,45)(H,43,44)(H4,39,40,42)/p+1",710.9889999999998,3.7150400000000063,C38H64N9O4+,7,5,8,24.778096000876637,38.61697209822245,2
4,CNP0096266,"InChI=1S/C62H96N2O13S2/c1-5-7-8-12-40-13-10-24-58(70,34-40)26-22-47-57(25-21-41(33-57)36-63-4)27-28-59(47)48-19-15-39(3)11-9-14-49(67)61(38-78-79-59)60(71)35-44-16-18-46(66)45(37-65)51(44)62(72,55(60)69)56(77-61)76-53-42(17-20-50(68)73-6-2)32-43-23-30-74-52(43)54(53)75-31-29-64-48/h16,18,23,30,32,39-41,44-49,51,55-56,63-67,69-72H,5-15,17,19-22,24-29,31,33-38H2,1-4H3",1141.585,8.530400000000007,C62H96N2O13S2,9,10,17,38.019704019836446,60.00868685699223,4
5,CNP0153122,"InChI=1S/C79H107N5O10/c1-49(2)39-77(3,89)46-81-47-83-70-21-9-20-58(43-85)92-69-37-53(23-28-68(69)88)76-79(70,91-48-84-56-17-11-32-78(40-56)31-10-16-55(78)45-90-57-18-7-8-19-57)41-65-62-38-64-71(52-22-27-66-51(35-52)30-34-82-66)54(42-80-33-12-15-50-13-5-4-6-14-50)36-63-67(87)29-26-60(72(63)64)73(62)75-61(74(65)94-76)25-24-59(44-86)93-75/h4-6,13,22-23,26-30,34,36-37,49-52,55-60,64,66,70-72,76,80-89H,7-8,10-12,14-20,24-25,31-33,35,38-48H2,1-3H3",1286.7499999999995,11.184399999999991,C79H107N5O10,10,14,15,45.7858569336817,65.88398539294217,4
6,CNP0271735,"InChI=1S/C62H96O14/c1-41(23-17-25-43(3)27-19-29-45(5)31-33-47(61(11,12)71)35-37-59(7,8)75-57-55(69)53(67)51(65)49(39-63)73-57)21-15-16-22-42(2)24-18-26-44(4)28-20-30-46(6)32-34-48(62(13,14)72)36-38-60(9,10)76-58-56(70)54(68)52(66)50(40-64)74-58/h15-34,47-58,63-72H,35-40H2,1-14H3/b16-15+,23-17+,24-18+,27-19+,28-20+,33-31+,34-32+,41-21+,42-22+,43-25+,44-26+,45-29+,46-30+",1065.4360000000001,8.08240000000001,C62H96O14,10,2,14,35.29860626201069,68.16874966437254,4
7,CNP0097989,"InChI=1S/C42H65NO10S2/c1-25-6-5-7-27(14-25)32-19-31(11-9-29(32)22-43-2)53-38-18-28-8-10-30(52-24-45)20-35(46)34(15-26-16-39(50-3)42(49)40(17-26)51-4)37(48)23-54-55-41(12-13-44)33(28)21-36(38)47/h16-18,21,25,27,29-32,34-35,37,41,43-49H,5-15,19-20,22-24H2,1-4H3",808.1130000000004,6.381300000000012,C42H65NO10S2,7,5,13,26.577982256260615,44.01146802734115,4
8,CNP0235956,"InChI=1S/C62H108O25/c1-9-12-14-15-16-17-20-23-28-32-40(64)81-55-54(86-58-46(70)43(67)41(65)34(5)75-58)50(84-59-47(71)45(69)51(57(74)87-59)82-56(73)33(4)11-3)37(8)78-62(55)83-49-36(7)77-61-53(48(49)72)80-39(63)31-27-24-21-18-19-22-26-30-38(29-25-13-10-2)79-60-52(85-61)44(68)42(66)35(6)76-60/h33-38,41-55,57-62,65-72,74H,9-32H2,1-8H3",1253.521,4.260700000000014,C62H108O25,9,6,25,41.59197192416301,73.69843493426909,3
9,CNP0152948,"InChI=1S/C60H71N3O11/c1-4-61-30-74-46-26-44(70-2)37-14-15-38-51-43(62-58(69)54(46)53(37)51)25-45-52(38)56(67)39(29-73-45)34-23-47(71-3)57(68)48(24-34)72-28-35(27-64)60-40-16-13-31-9-8-10-36(55(31)60)32-11-12-33(41(60)21-32)22-42(40)59(19-6-5-7-20-59)63-49(65)17-18-50(63)66/h8-10,13,16-18,23-26,32-33,35,39-42,45,52-54,56,58,61-62,64,67-69H,4-7,11-12,14-15,19-22,27-30H2,1-3H3",1010.2379999999998,7.113400000000009,C60H71N3O11,6,13,13,36.051614687626675,48.27424152350419,4
10,CNP0280674,"InChI=1S/C82H58O53/c83-26-1-16(2-27(84)47(26)95)69(109)127-62-38-14-122-72(112)19-7-32(89)50(98)56(104)41(19)42-20(8-33(90)51(99)57(42)105)74(114)129-65(62)68(80(125-38)134-71(111)18-5-30(87)49(97)31(88)6-18)132-78(118)25-11-35(92)53(101)60(108)61(25)124-37-12-23-44(59(107)55(37)103)43-21(9-34(91)52(100)58(43)106)75(115)130-66-63-39(15-123-73(23)113)126-79(133-70(110)17-3-28(85)48(96)29(86)4-17)67(66)131-76(116)22-10-36(93)54(102)64-45(22)46-24(77(117)128-63)13-40(94)81(119,120)82(46,121)135-64/h1-13,38-39,45-46,62-68,79-80,83-93,95-108,119-121H,14-15H2",1891.3130000000008,0.6629000000000009,C82H58O53,28,16,53,63.436006078527456,90.26887531396753,3
11,CNP0059407,"InChI=1S/C74H133N3O29/c1-5-7-9-11-13-15-17-19-20-21-22-23-24-26-28-30-32-34-36-38-56(88)77-48(49(84)37-35-33-31-29-27-25-18-16-14-12-10-8-6-2)45-99-69-63(93)62(92)65(55(44-81)101-69)102-70-64(94)68(60(90)53(42-79)100-70)106-74(72(97)98)40-51(86)58(76-47(4)83)67(105-74)61(91)54(43-80)103-73(71(95)96)39-50(85)57(75-46(3)82)66(104-73)59(89)52(87)41-78/h35,37,48-55,57-70,78-81,84-87,89-94H,5-34,36,38-45H2,1-4H3,(H,75,82)(H,76,83)(H,77,88)(H,95,96)(H,97,98)/b37-35+",1528.8699999999988,1.8995999999999997,C74H133N3O29,19,4,27,50.6920886331985,94.58585561832192,3
12,CNP0084420,"InChI=1S/C49H87O13P/c1-3-5-7-9-11-13-15-17-19-20-21-22-24-25-27-29-31-33-35-37-42(50)59-39-41(40-60-63(57,58)62-49-47(55)45(53)44(52)46(54)48(49)56)61-43(51)38-36-34-32-30-28-26-23-18-16-14-12-10-8-6-4-2/h5,7,11,13,17,19,21-22,41,44-49,52-56H,3-4,6,8-10,12,14-16,18,20,23-40H2,1-2H3,(H,57,58)/b7-5+,13-11+,19-17+,22-21+",915.1959999999997,9.949100000000005,C49H87O13P,6,1,12,30.428758551597923,58.82644466370663,4
13,CNP0073501,"InChI=1S/C90H166N22O21/c1-21-54(18)71(111-82(125)66(42-51(12)13)106-78(121)62(38-47(4)5)102-73(116)55(19)97-77(120)61(37-46(2)3)107-85(128)69(115)45-114)87(130)100-59(32-28-36-96-90(94)95)76(119)103-63(39-48(6)7)79(122)105-65(41-50(10)11)81(124)110-70(53(16)17)86(129)99-58(30-23-26-34-92)75(118)104-67(43-52(14)15)83(126)112-72-56(20)133-89(132)60(31-24-27-35-93)101-74(117)57(29-22-25-33-91)98-84(127)68(44-113)109-80(123)64(40-49(8)9)108-88(72)131/h46-72,113-115H,21-45,91-93H2,1-20H3,(H,97,120)(H,98,127)(H,99,129)(H,100,130)(H,101,117)(H,102,116)(H,103,119)(H,104,118)(H,105,122)(H,106,121)(H,107,128)(H,108,131)(H,109,123)(H,110,124)(H,111,125)(H,112,126)(H4,94,95,96)",1892.4510000000002,-2.2710299999999037,C90H166N22O21,25,1,25,62.287872118157566,121.0281287595513,3
14,CNP0307371,"InChI=1S/C70H58O15/c71-41-12-1-34(2-13-41)3-22-52-63(56(83)33-58-65(52)61(39-23-46(76)27-47(77)24-39)69(85-58)37-8-18-44(74)19-9-37)59(35-4-14-42(72)15-5-35)67-53-29-50(80)31-55(82)64(53)60(36-6-16-43(73)17-7-36)68(67)54-30-51(81)32-57-66(54)62(40-25-48(78)28-49(79)26-40)70(84-57)38-10-20-45(75)21-11-38/h1-25,27-33,40,54,59-62,66-83H,26H2/b22-3+",1139.2190000000005,13.719199999999962,C70H58O15,13,13,15,40.93480477506386,53.751973937316706,4
15,CNP0436931,"InChI=1S/C64H102N4O12/c1-6-9-39-12-14-41-48(16-13-39)80-55-51(41)45(71)11-7-21-64(55,78)56(3,75)49-20-24-63(77)54-52(67-34-38(2)70)53(74)43-32-46(72)47(73)33-59(43)35-58(42-15-17-50(65)68-44(42)10-8-30-69)25-27-60(76,62(54,59)28-26-58)36-61(49,63)40-18-22-57(23-19-40,37-66-4)29-31-79-5/h15,17,25-28,38-51,55,66-73,75-78H,6-14,16,18-24,29-37,65H2,1-5H3",1119.5359999999998,4.327600000000011,C64H102N4O12,13,12,16,38.05579504447229,59.59402022816097,3
16,CNP0103963,"InChI=1S/C78H134O20/c1-45-23-29-57(79)37-60-20-18-22-62(96-60)42-72(92-16)52(8)68(82)44-70(84)54(10)78(55(11)75(87)47(3)27-31-63-39-65(89-13)35-49(5)93-63)98-74(86)34-26-46(2)24-30-58(80)38-59-19-17-21-61(95-59)41-71(91-15)51(7)67(81)43-69(83)53(9)76(88)56(12)77(97-73(85)33-25-45)48(4)28-32-64-40-66(90-14)36-50(6)94-64/h18,20,23-26,33-34,47-72,75-84,87-88H,17,19,21-22,27-32,35-44H2,1-16H3/b33-25-,34-26-,45-23-,46-24-",1391.9099999999994,10.3322,C78H134O20,8,5,20,46.425710817705436,85.64636261605959,4
17,CNP0436939,"InChI=1S/C42H61N3O8/c1-25(2)37-19-32(18-35-6-5-10-44-35)31-14-28(24-47)15-34(17-33(37)16-31)40(53-27(4)49)22-36(52-26(3)48)8-7-29-20-41(51-13-12-46)39(50)23-38(29)30-9-11-45-42(43)21-30/h5-6,9-10,20-21,23,25,28,31-34,36-37,40,44-47,50H,7-8,11-19,22,24,43H2,1-4H3",735.963,5.630100000000004,C42H61N3O8,6,5,10,25.430294344067054,40.22994401334034,3
18,CNP0436955,"InChI=1S/C73H92N6O9S2/c1-2-72(22-3-4-23-72)54-15-12-47-31-52-49-20-24-73(65(52)64-62(47)68(54)88-70(64)85)56-17-14-50(61-46-11-10-42-9-8-39(35-80)26-41(36-81)27-40(28-46)29-51(42)61)69(78-55-16-13-43-6-5-7-45(60(43)67(55)84)30-48-33-74-37-76-48)90-89-38-77-57-32-44(21-25-75-57)53(63(49)66(73)71(86)87-56)34-79-58(82)18-19-59(79)83/h10-11,17-19,21,32,37,39-43,45-53,55,60-61,65,67,69,75,77-78,80-81,84H,2-7,12-16,20,22-31,33-36,38H2,1H3,(H,74,76)/b56-17+",1261.706,9.438800000000002,C73H92N6O9S2,7,17,16,43.948158861133905,60.134811512552055,4
19,CNP0051053,"InChI=1S/C69H110O25/c1-10-12-14-15-17-21-28-34-46(70)87-56-41(7)83-67(60(54(56)78)89-48(72)37-36-44-30-25-23-26-31-44)92-58-43(9)85-69(63(90-64(80)38(3)4)62(58)94-65-53(77)51(75)49(73)39(5)81-65)91-57-42(8)84-68-61(55(57)79)88-47(71)35-29-22-19-16-18-20-27-33-45(32-24-13-11-2)86-66-59(93-68)52(76)50(74)40(6)82-66/h23,25-26,30-31,36-43,45,49-63,65-69,73-79H,10-22,24,27-29,32-35H2,1-9H3/b37-36+",1339.6139999999991,6.424800000000016,C69H110O25,7,7,25,45.003456864485386,77.51131651075163,4
20,CNP0436958,"InChI=1S/C39H63NO14/c1-5-6-15-26(3)37(54-36(48)23-29(39(51)52)21-34(45)46)32(53-35(47)22-28(38(49)50)20-33(43)44)19-25(2)14-11-9-7-8-10-12-17-31(42)27(4)40-18-13-16-30(41)24-40/h13,16,24-29,31-32,37,41-42H,5-12,14-15,17-23H2,1-4H3,(H,43,44)(H,45,46)(H,49,50)(H,51,52)/p+1",770.9340000000001,4.518000000000004,C39H64NO14+,7,1,10,25.44057491877206,48.03999200319872,2
21,CNP0436964,"InChI=1S/C55H63N3O9/c1-32-5-3-6-34(23-32)31-67-51-28-37(27-49(64)54(51)65)35-10-13-42-41-14-12-40(59)25-36(41)11-15-44(42)58-52-29-38(19-22-57-52)55(20-18-45(60)43(55)30-39-7-4-21-56-39)53(48(63)26-35)47(62)17-9-33-8-16-46(61)50(24-33)66-2/h3-4,6-8,11-12,14-16,19,21,24-25,27-29,32,34-35,43,45,47,53,56-62,64-65H,5,9-10,13,17-18,20,22-23,26,30-31H2,1-2H3",910.121,9.062000000000005,C55H63N3O9,9,9,11,32.392256100041386,45.77087228597055,4
22,CNP0082413,"InChI=1S/C50H52O11/c1-25(2)8-12-32-38(52)17-16-34(46(32)57)47(58)43-36(31-14-10-29(51)22-39(31)53)20-28(7)21-37(43)44-41(55)24-42(56)45-48(59)35(13-9-26(3)4)49(61-50(44)45)33-15-11-30(23-40(33)54)60-19-18-27(5)6/h8-11,14-18,21-24,36-37,43,51-57H,12-13,19-20H2,1-7H3",828.9550000000002,10.478099999999989,C50H52O11,7,6,11,28.868896611500055,43.69231639142242,4
23,CNP0063891,"InChI=1S/C89H60O56/c90-28-1-17(2-29(91)50(28)102)77(120)131-15-42-72(74-75(88(135-42)144-78(121)18-3-30(92)51(103)31(93)4-18)142-83(126)23-10-37(99)56(108)63(115)47(23)49-25(84(127)141-74)14-41-70(65(49)117)137-86(129)27-12-39(101)58(110)67(119)69(27)134-41)139-87(130)26-11-38(100)57(109)66(118)68(26)133-40-13-24-48(64(116)59(40)111)46-22(9-36(98)55(107)62(46)114)82(125)140-73-71-43(136-89(76(73)143-85(24)128)145-79(122)19-5-32(94)52(104)33(95)6-19)16-132-80(123)20-7-34(96)53(105)60(112)44(20)45-21(81(124)138-71)8-35(97)54(106)61(45)113/h1-14,40,42-43,59,71-76,88-119H,15-16H2",2025.403000000001,3.277500000000027,C89H60O56,30,17,56,68.34976188367857,96.22341773100399,3
24,CNP0436979,"InChI=1S/C65H82N4O9S2/c1-3-64(24-7-8-25-64)33-52-49-17-16-47-46-22-26-65(59(47)58(49)62(75)77-52)53-19-18-48(45-15-14-40-28-41(36-70)30-44(13-9-12-42(45)29-40)51(72)31-39-10-5-4-6-11-39)61(67-34-38(2)71)80-79-37-68-54-32-43(23-27-66-54)50(57(46)60(65)63(76)78-53)35-69-55(73)20-21-56(69)74/h4-6,10,19-21,23,32-33,38-42,44-48,50-51,59,61,66-68,70-72H,3,7-8,11-12,14-18,22,24-31,34-37H2,1-2H3/b52-33+,53-19+",1127.5239999999997,9.352500000000004,C65H82N4O9S2,6,13,14,38.86131121728086,55.94804199899741,4
25,CNP0437007,"InChI=1S/C65H122N2O24/c1-5-7-9-11-13-15-17-19-20-21-23-25-27-29-31-33-35-44(72)61(83)67-42(49(73)43(71)34-32-30-28-26-24-22-18-16-14-12-10-8-6-2)37-84-65-60(55(79)50(74)45(36-68)87-65)91-64-57(81)54(78)52(76)47(89-64)38-85-62-48(66-41(4)70)53(77)51(75)46(88-62)39-86-63-58(82)56(80)59(90-63)40(3)69/h40,42-60,62-65,68-69,71-82H,5-39H2,1-4H3,(H,66,70)(H,67,83)",1315.6809999999984,2.1473000000000164,C65H122N2O24,16,4,24,43.65931893378544,81.48883555194926,3
26,CNP0000456,"InChI=1S/C56H103O23P/c1-3-5-7-9-11-13-15-17-18-19-21-22-24-26-28-30-32-41(59)72-36-38(74-42(60)33-31-29-27-25-23-20-16-14-12-10-8-6-4-2)37-73-80(70,71)79-54-52(77-55-50(68)45(63)43(61)39(34-57)75-55)48(66)47(65)49(67)53(54)78-56-51(69)46(64)44(62)40(35-58)76-56/h20,23,38-40,43-58,61-69H,3-19,21-22,24-37H2,1-2H3,(H,70,71)/b23-20+",1175.3910000000008,4.319000000000006,C56H103O23P,12,3,22,38.40152276203481,72.44907885158831,3
27,CNP0437066,"InChI=1S/C77H103N9O6/c1-48(88)42-84-72-41-76(38-67-64-24-26-81-43-59(64)29-55-17-10-25-82-74(55)67)37-52(21-23-71(76)77(72)39-66-60(46-86-75(79)80)31-57(44-83-68(66)40-77)53-15-7-4-8-16-53)28-62(89)35-63(90)32-61(47-87)65-36-70(92-2)69(91)33-56(65)30-58-45-85-73(78)34-54(58)22-20-51-14-9-13-50(27-51)19-18-49-11-5-3-6-12-49/h3-17,27,32-34,36,45,48,52,55,57,59-60,64,66-68,71-74,81-85,87-88,91H,18-26,28-31,35,37-44,46-47,78H2,1-2H3,(H4,79,80,86)/b61-32-",1250.7279999999998,8.710700000000006,C77H103N9O6,11,12,13,44.654137552964556,65.62506255041879,4
28,CNP0257632,"InChI=1S/C57H83NO19/c1-28(59)58-41-45(67)44(66)34(27-73-50-47(43(65)33(61)26-72-50)77-49-46(68)42(64)32(60)25-71-49)74-48(41)76-38-19-20-54(6)35(53(38,4)5)18-21-55(7)36(54)16-15-30-31-22-52(2,3)39(75-40(63)17-14-29-12-10-9-11-13-29)24-57(31,51(69)70)37(62)23-56(30,55)8/h9-15,17,31-39,41-50,60-62,64-68H,16,18-27H2,1-8H3,(H,58,59)(H,69,70)/b17-14+",1086.2790000000002,2.3341000000000074,C57H83NO19,10,9,18,36.09944230757058,58.21160582009886,3
29,CNP0081665,"InChI=1S/C46H75N7O11/c1-8-10-11-12-13-14-15-16-17-18-28(4)36-26-38(57)52-40(31(7)54)45(62)49-29(5)41(58)48-30(6)42(59)50-34(23-24-37(47)56)43(60)51-35(25-32-19-21-33(55)22-20-32)44(61)53-39(27(3)9-2)46(63)64-36/h19-22,27-31,34-36,39-40,54-55H,8-18,23-26H2,1-7H3,(H2,47,56)(H,48,58)(H,49,62)(H,50,59)(H,51,60)(H,52,57)(H,53,61)",902.1439999999994,2.448200000000001,C46H75N7O11,9,2,11,30.266273421467545,54.872792822014475,3
30,CNP0437077,"InChI=1S/C47H79O14P/c1-3-5-6-7-8-9-10-11-12-15-18-21-24-27-30-33-40(48)57-35-37(36-58-62(55,56)61-47-45(53)43(51)42(50)44(52)46(47)54)59-41(49)34-31-28-25-22-19-16-13-14-17-20-23-26-29-32-39-38(4-2)60-39/h11-13,16-17,20,22,25-26,29,37-39,42-47,50-54H,3-10,14-15,18-19,21,23-24,27-28,30-36H2,1-2H3,(H,55,56)/b12-11+,16-13+,20-17+,25-22+,29-26+",899.1089999999996,7.9321000000000135,C47H79O14P,6,2,13,29.895085046786708,55.64111709178532,4
31,CNP0426966,"InChI=1S/C64H122N2O20/c1-4-6-8-10-12-14-16-18-20-21-22-23-25-27-29-31-33-35-37-39-47(71)61(80)66-45(52(72)46(70)38-36-34-32-30-28-26-24-19-17-15-13-11-9-7-5-2)42-81-64-60(86-63-59(79)57(77)54(74)49(41-68)84-63)58(78)55(75)50(85-64)43-82-62-51(65-44(3)69)56(76)53(73)48(40-67)83-62/h45-60,62-64,67-68,70-79H,4-43H2,1-3H3,(H,65,69)(H,66,80)",1239.6739999999993,5.246000000000017,C64H122N2O20,14,3,20,41.498946433488555,78.46114163457175,4
32,CNP0236088,"InChI=1S/C62H71N3O10/c1-5-73-24-22-40-8-6-10-42(26-40)27-45-23-25-74-50(32-46-31-48(67)19-17-44(46)28-43(36-66)14-13-39-9-7-11-47(29-39)65-62(63)64-3)33-49(68)18-15-41-16-21-57(72-4)58(30-41)75-37-55-51-20-12-38(2)52-35-56(69)59(45)54(60(51)52)34-53(55)61(70)71/h6-12,16-17,19-21,26,29-31,34-35,38,43-46,50,61,66-67,69-71H,5,13-15,18,22,24,27-28,32-33,36-37H2,1-4H3,(H3,63,64,65)",1018.2609999999996,10.234969999999999,C62H71N3O10,8,9,11,36.332803789483535,54.189357825781215,4
33,CNP0058972,"InChI=1S/C43H82O16P2/c1-3-5-7-9-11-13-15-17-18-20-22-24-26-28-30-32-37(45)57-35(33-55-36(44)31-29-27-25-23-21-19-16-14-12-10-8-6-4-2)34-56-61(53,54)59-43-40(48)38(46)39(47)42(41(43)49)58-60(50,51)52/h13,15,35,38-43,46-49H,3-12,14,16-34H2,1-2H3,(H,53,54)(H2,50,51,52)/b15-13+",917.0609999999997,8.397500000000013,C43H82O16P2,7,1,13,29.113209963465433,57.75673920321393,4
34,CNP0319508,"InChI=1S/C48H34O24/c49-17-1-18(50)3-21(2-17)67-43-32(59)8-22(9-33(43)60)68-46-30(57)4-19(51)6-39(46)71-44-34(61)10-23(11-35(44)62)69-47-31(58)5-20(52)7-40(47)72-45-36(63)12-24(13-37(45)64)70-48-38(65)16-29(56)41(42(48)66)25-14-27(54)28(55)15-26(25)53/h1-16,49-66H",994.7760000000004,8.808199999999985,C48H34O24,18,8,24,34.02189629248989,47.452758784466575,4
35,CNP0437113,"InChI=1S/C73H102N8O6/c1-87-66-38-62(55(35-64(66)85)33-56-44-81-69(74)36-53(56)21-19-49-13-8-12-48(30-49)18-17-47-10-4-2-5-11-47)58(46-82)34-60(84)37-59(83)31-51-20-22-67-72(39-51,41-63-61-25-28-77-43-57(61)32-54-16-9-27-78-70(54)63)42-68(80-45-65(86)52-14-6-3-7-15-52)73(67)26-23-50(40-73)24-29-79-71(75)76/h2,4-5,8-13,16,30,34-36,38,44,50-52,54,57,61,63,65,67-70,77-78,80-82,85-86H,3,6-7,14-15,17-29,31-33,37,39-43,45-46,74H2,1H3,(H4,75,76,79)/b58-34-",1187.6689999999992,9.289400000000004,C73H102N8O6,10,11,12,42.27712745525282,62.976388438468305,4
36,CNP0000703,"InChI=1S/C58H105O23P/c1-3-5-7-9-11-13-15-17-19-21-23-25-27-29-31-33-35-44(62)76-40(38-74-43(61)34-32-30-28-26-24-22-20-18-16-14-12-10-8-6-4-2)39-75-82(72,73)81-56-54(79-57-52(70)47(65)45(63)41(36-59)77-57)50(68)49(67)51(69)55(56)80-58-53(71)48(66)46(64)42(37-60)78-58/h28,30,32,34,40-42,45-60,63-71H,3-27,29,31,33,35-39H2,1-2H3,(H,72,73)/b30-28+,34-32+",1201.4290000000015,4.875200000000007,C58H105O23P,12,3,22,39.40152276203481,74.18363481333232,3
37,CNP0066154,"InChI=1S/C47H82O16P2/c1-3-5-7-9-11-13-15-17-19-20-22-23-25-27-29-31-33-35-40(48)59-37-39(61-41(49)36-34-32-30-28-26-24-21-18-16-14-12-10-8-6-4-2)38-60-65(57,58)63-47-44(52)42(50)43(51)46(45(47)53)62-64(54,55)56/h12,14,17-19,21-23,27,29,39,42-47,50-53H,3-11,13,15-16,20,24-26,28,30-38H2,1-2H3,(H,57,58)(H2,54,55,56)/b14-12+,19-17+,21-18+,23-22+,29-27+",965.1049999999998,9.06190000000001,C47H82O16P2,7,1,13,31.113209963465433,60.71594896331739,4
38,CNP0147861,"InChI=1S/C76H102N6O11/c1-44-20-26-56-47(22-21-45-14-11-17-51(34-45)79-4)16-12-31-76(56,81-44)93-62-39-60(90-33-32-77-2)52-24-25-53-66-59(80-72(87)69(62)68(52)66)38-61-67(53)70(85)54(43-92-61)48-35-63(89-5)71(86)64(36-48)91-42-50(41-83)75-30-13-19-57(58(75)27-23-46-15-7-8-18-55(46)75)74(28-9-6-10-29-74)82-65(84)37-49(40-78-3)73(82)88/h7-8,15,18,23,27,35-39,44-45,47,50-51,54,56-58,68-70,72,77-81,83,85-87H,6,9-14,16-17,19-22,24-26,28-34,40-43H2,1-5H3",1275.6829999999995,10.433299999999996,C76H102N6O11,9,14,16,45.274690000289645,64.42113077244039,4
39,CNP0052692,"InChI=1S/C89H58O57/c90-24-1-14(2-25(91)49(24)100)80(126)139-35-12-136-81(127)15-3-26(92)50(101)59(110)37(15)38-16(4-27(93)51(102)60(38)111)84(130)141-72(35)75-74-47(46-48(89(135)143-74)45(67(118)69(120)68(46)119)43-20(87(133)144-75)8-31(97)55(106)64(43)115)44-21(9-32(98)56(107)65(44)116)83(129)140-36-13-137-82(128)22-11-34(138-71-23(78(122)123)10-33(99)57(108)70(71)121)58(109)66(117)42(22)41-17(5-28(94)54(105)63(41)114)85(131)142-73(36)76-77(79(124)125)146-88(134)19-7-30(96)53(104)62(113)40(19)39-18(86(132)145-76)6-29(95)52(103)61(39)112/h1-11,35-36,47,72-77,90-121H,12-13H2,(H,122,123)(H,124,125)",2039.3860000000009,4.026400000000009,C89H58O57,34,16,55,68.52103716313266,97.54006039726812,3
40,CNP0437141,"InChI=1S/C52H101NO15/c1-3-5-7-9-11-13-15-17-18-19-20-21-22-24-26-28-30-32-34-40(57)50(64)53-38(43(59)39(56)33-31-29-27-25-23-16-14-12-10-8-6-4-2)37-65-51-47(63)49(44(60)42(36-55)66-51)68-52-46(62)45(61)48(67-52)41(58)35-54/h38-49,51-52,54-63H,3-37H2,1-2H3,(H,53,64)",980.3719999999981,5.717600000000006,C52H101NO15,11,2,15,32.90672228061357,63.02693562822468,4
41,CNP0212788,"InChI=1S/C54H100O14/c1-15-38(8)50(60)68-48(34-66-42(12)56)52(14,62)25-19-27-54(64)29-23-46(58)40(10)21-17-16-20-39(9)45(57)22-28-53(63,43(30-35(2)3)44(54)31-36(4)5)26-18-24-51(13,61)47(33-65-41(11)55)67-49(59)32-37(6)7/h35-40,43-48,57-58,61-64H,15-34H2,1-14H3",973.3799999999997,8.786200000000004,C54H100O14,6,1,14,31.388133091495806,63.65523461304084,4
42,CNP0391402,"InChI=1S/C61H74N2O10S2/c1-5-40-14-15-41-10-8-12-48-54(33-64)75-74-35-44-27-55(68)61(45-22-39(31-62-3)23-46(65)28-45,30-36-13-17-51(66)53(25-36)73-47-11-7-9-38(24-47)34-72-6-2)60(70)57(44)58(69)43(21-37-19-20-63-32-37)26-42-16-18-52(67)59(71-4)50(42)29-49(40)56(41)48/h8,10,12-20,22-23,25,28,32,38,43-44,47,54-55,57-58,62-69H,5-7,9,11,21,24,26-27,29-31,33-35H2,1-4H3",1059.4009999999994,10.077499999999999,C61H74N2O10S2,8,9,13,36.38247926733604,54.59462950251967,4
43,CNP0144127,"InChI=1S/C45H80O16P2/c1-3-5-7-9-11-13-15-17-18-19-20-22-23-25-27-29-31-33-38(46)57-35-37(59-39(47)34-32-30-28-26-24-21-16-14-12-10-8-6-4-2)36-58-63(55,56)61-45-42(50)40(48)41(49)44(43(45)51)60-62(52,53)54/h11,13,17-18,20,22,25,27,37,40-45,48-51H,3-10,12,14-16,19,21,23-24,26,28-36H2,1-2H3,(H,55,56)(H2,52,53,54)/b13-11+,18-17+,22-20+,27-25+",939.0669999999999,8.505700000000013,C45H80O16P2,7,1,13,30.113209963465437,58.97640419947507,4
44,CNP0437153,"InChI=1S/C82H100N4O12/c1-5-61(82(95)36-59-51-22-26-81(37-63(51)82)35-45(72(92)56-15-11-14-52(59)70(56)81)29-48(90)28-41(2)43-12-7-6-8-13-43)78(94)97-65-33-58-73(93)68-64(91)32-49(39-87)96-75(68)69-66-55-23-27-84-76(83)67(55)71(80(24-9-10-25-80)34-44-17-18-47(89)31-57(44)60(66)40-88)54-21-20-50-46(30-62(54)79(65,4)98-74(58)69)38-85-77-53(50)19-16-42(3)86-77/h5,11,14-19,22-23,26,31-32,38,41-43,45,48,51-52,54,59-60,62-63,65-66,70-72,77,84-90,92-93,95H,6-10,12-13,20-21,24-25,27-30,33-37,39-40,83H2,1-4H3/b61-5-",1333.718,11.038299999999992,C82H100N4O12,11,18,16,47.28279727426635,64.69906400516943,4
45,CNP0437155,"InChI=1S/C47H81O14P/c1-3-5-6-7-8-9-10-11-12-16-19-22-25-28-31-34-40(49)58-36-39(37-59-62(56,57)61-47-45(54)43(52)42(51)44(53)46(47)55)60-41(50)35-32-29-26-23-20-17-14-13-15-18-21-24-27-30-33-38(48)4-2/h14-15,17-18,23-24,26-27,30,33,38-39,42-48,51-55H,3-13,16,19-22,25,28-29,31-32,34-37H2,1-2H3,(H,56,57)/b17-14+,18-15+,26-23+,27-24+,33-30+",901.1249999999994,7.915700000000012,C47H81O14P,7,1,13,29.822605401715272,57.52680389850445,4
46,CNP0437166,"InChI=1S/C58H77N9O9/c1-36(68)74-45-30-43(75-49(31-45)41-28-48(70)54(71)51(29-41)73-25-19-39-9-6-21-60-33-39)15-13-38-14-16-47(69)50(26-38)76-44-12-5-20-58(32-44)53(56(72)64-42-10-3-2-4-11-42)55(67-34-40-18-24-61-46(40)35-67)65-57(66-58)63-22-7-8-37-17-23-62-52(59)27-37/h6,14,16-18,21,24,26-29,33-35,39,42-45,49,53,55-56,61-62,64,69-72H,2-5,7-13,15,19-20,22-23,25,30-32,59H2,1H3,(H2,63,65,66)",1044.307999999999,8.01870000000001,C58H77N9O9,10,10,17,36.928626928242494,52.79626022433053,4
47,CNP0105945,"InChI=1S/C71H92N4O8/c1-64(2)63(83-64)52(78)34-66(4)45-15-11-12-19-69-21-17-53-65(3,22-26-72-7)62(80)55-47-18-25-73-57(47)41-16-20-70(55,33-41)68(53,6)61(69)60(79)49(54-56(66)51(77)35-67(54,69)5)38-75-37-48(58-59(75)44(32-45)36-74-58)50(39-76)43-29-42(40-13-9-8-10-14-40)30-46(31-43)71(81)23-27-82-28-24-71/h18,25,29-31,36-37,39-41,45,47,49-50,52-53,55,57,60-61,63,72-74,78-79,81H,8-10,13-17,19-24,26-28,32-35,38H2,1-7H3",1129.5369999999996,10.2519,C71H92N4O8,6,15,11,39.71569724433435,55.244722928557096,4
48,CNP0164243,"InChI=1S/C90H70O22/c91-50-13-1-44(2-14-50)35-68-85(86(109)61-28-24-57(98)39-74(61)104)89(49-11-19-53(94)20-12-49)112-90(68)65-41-64(77(107)43-78(65)108)82(84-67-34-46(4-30-70(100)59-26-22-55(96)37-72(59)102)6-32-80(67)111-88(84)48-9-17-52(93)18-10-48)63-40-62(75(105)42-76(63)106)81(60-27-23-56(97)38-73(60)103)83-66-33-45(3-29-69(99)58-25-21-54(95)36-71(58)101)5-31-79(66)110-87(83)47-7-15-51(92)16-8-47/h1-34,36-43,68,81-85,87-98,101-108H,35H2/b29-3+,30-4+",1503.5280000000005,16.037799999999955,C90H70O22,16,15,22,53.79788587576791,73.02185348429161,4
49,CNP0309701,"InChI=1S/C67H108O23/c1-14-16-17-27-82-58(81)52-50(87-59-47(75)45(73)39(31-69)84-59)49(77)51(88-60-48(76)46(74)44(72)38(30-68)83-60)61(89-52)85-42-24-25-64(11)40(63(42,9)10)23-26-65(12)41(64)22-21-36-37-29-62(7,8)55(86-43(71)28-34(5)20-18-19-33(3)4)56(90-57(80)35(6)15-2)67(37,32-70)54(79)53(78)66(36,65)13/h19,21,28,35,37-42,44-56,59-61,68-70,72-79H,14-18,20,22-27,29-32H2,1-13H3/b34-28+",1281.5779999999995,3.717900000000011,C67H108O23,11,8,23,42.207961743478485,72.77258122533557,3
50,CNP0337352,"InChI=1S/C73H104N6O7S2/c1-44-12-18-54-49-31-46(14-19-55(54)57(61(74)35-49)42-87-88-43-63(44)79-70(75)77-51-22-29-71(24-3-4-25-71)59(36-51)48-9-7-10-52(82)33-48)16-21-66-50(40-80)34-53(86-66)17-13-47-15-20-64(83)67(32-47)85-41-65(84)62-37-56-60(39-76-38-45(2)81)73-28-8-11-68(73)72(26-5-6-27-72)58(23-30-73)69(56)78-62/h7,9-10,15,20,23,30,32-34,37,44-46,49,51,54-55,57-61,63,65,68,76,78,80-84H,3-6,8,11-14,16-19,21-22,24-29,31,35-36,38-43,74H2,1-2H3,(H3,75,77,79)",1241.8039999999996,13.595769999999977,C73H104N6O7S2,11,14,12,42.707083122240476,62.70465307817937,4
51,CNP0138742,"InChI=1S/C62H92O21/c1-31(76-56(68)35-16-12-10-13-17-35)39-23-25-62(70)40-21-20-37-26-38(22-24-60(37,5)41(40)27-45(61(39,62)6)80-57(69)36-18-14-11-15-19-36)78-46-28-42(71-7)52(32(2)74-46)81-47-29-43(72-8)53(33(3)75-47)82-59-51(67)55(73-9)54(34(4)77-59)83-58-50(66)49(65)48(64)44(30-63)79-58/h10-16,18-19,31-35,37-55,58-59,63-67,70H,17,20-30H2,1-9H3",1173.397,4.420900000000011,C62H92O21,6,10,21,39.66567722269089,62.993757795921525,3
52,CNP0160899,"InChI=1S/C60H106O21/c1-7-10-13-15-18-23-28-33-42(62)76-51-37(4)71-57(48(68)47(51)67)80-53-39(6)72-58(50(70)54(53)77-43(63)34-29-24-19-16-14-11-8-2)79-52-38(5)73-59-56(49(52)69)78-44(64)35-30-25-21-17-20-22-27-32-40(31-26-12-9-3)74-60-55(81-59)46(66)45(65)41(36-61)75-60/h37-41,45-61,65-70H,7-36H2,1-6H3",1163.4869999999999,6.765800000000011,C60H106O21,7,5,21,39.02091582134318,69.58034677424024,4
53,CNP0426995,"InChI=1S/C45H54N4O19/c1-2-3-4-5-6-7-8-12-24(50)19-35(54)46-28-20-65-43(62)30(48-40(59)26-14-10-17-33(52)37(26)56)22-67-45(64)31(49-41(60)27-15-11-18-34(53)38(27)57)23-68-44(63)29(21-66-42(28)61)47-39(58)25-13-9-16-32(51)36(25)55/h9-11,13-18,24,28-31,50-53,55-57H,2-8,12,19-23H2,1H3,(H,46,54)(H,47,58)(H,48,59)(H,49,60)",954.9360000000001,1.178700000000001,C45H54N4O19,11,4,19,32.40690141396084,52.80108682980267,3
54,CNP0145165,"InChI=1S/C58H102O25/c1-6-8-10-11-12-13-16-19-24-28-38(62)79-53-52(83-55-46(70)43(67)40(64)35(29-59)76-55)49(81-54-45(69)42(66)39(63)31(3)72-54)33(5)74-58(53)80-48-32(4)73-56-51(47(48)71)78-37(61)27-23-20-17-14-15-18-22-26-34(25-21-9-7-2)75-57-50(82-56)44(68)41(65)36(30-60)77-57/h31-36,39-60,63-71H,6-30H2,1-5H3",1199.4289999999999,1.67860000000002,C58H102O25,11,6,25,39.82544627398349,70.19070159890249,3
55,CNP0000806,"InChI=1S/C47H89O18P/c1-3-5-7-9-11-13-15-16-17-18-20-21-23-25-27-29-36(49)60-32-34(62-37(50)30-28-26-24-22-19-14-12-10-8-6-4-2)33-61-66(58,59)65-46-43(56)41(54)40(53)42(55)45(46)64-47-44(57)39(52)38(51)35(31-48)63-47/h34-35,38-48,51-57H,3-33H2,1-2H3,(H,58,59)",973.1849999999993,5.548500000000003,C47H89O18P,9,2,17,31.66514065681637,60.770930248745785,4
56,CNP0341417,"InChI=1S/C66H94N2O10/c1-6-7-17-58(72)59(73)34-26-48-23-22-47-15-10-9-14-46(47)16-13-38-66(64(5,78)56(32-18-43(2)3)49-24-29-51(70)30-25-49)41-45-20-27-50(28-21-45)65(36-11-8-12-37-65)63(77)53-31-19-44(4)67-62(55(53)40-61(75)76)60(74)35-33-57(68-66)54(48)39-52(71)42-69/h9-10,14-15,20-21,24-30,34,43-44,52-53,55-60,62-63,67-74,77-78H,6-8,11-12,17-19,22-23,31-33,35-42H2,1-5H3,(H,75,76)/b34-26+,54-48-",1075.482,9.063900000000007,C66H94N2O10,11,8,11,37.304555884589526,61.23425570416363,4
57,CNP0091813,"InChI=1S/C81H98N2O12/c1-89-29-9-15-67-70(65-43-92-73-50(36-57(40-63(73)72(65)88)93-56-13-3-4-14-56)33-48-35-54(85)17-20-58(48)46-10-7-12-53(84)34-46)75-64-41-68(62-39-55(86)18-21-60(62)74(64)94-67)91-30-8-11-52-42-82-80(83-81(52)51-16-19-61(66(87)38-51)76(81)95-75)45-78(24-5-6-25-78)79-28-27-77(44-79)26-22-59-47(23-31-90-2)32-49(71(59)77)37-69(79)80/h7,10,12,16-21,34-36,39-41,47,49,51-52,56,59,61-62,65-72,75-76,82-88H,3-6,9,13-15,22-33,37-38,42-45H2,1-2H3",1291.677,12.788999999999985,C81H98N2O12,7,19,14,46.321914516752685,61.71046130363503,4
58,CNP0053929,"InChI=1S/C73H134N2O32/c1-5-7-9-11-13-15-17-18-19-20-21-22-23-24-26-28-30-32-34-45(83)67(95)75-43(52(85)44(82)33-31-29-27-25-16-14-12-10-8-6-2)40-98-68-58(91)56(89)63(49(38-78)101-68)105-71-61(94)66(54(87)48(37-77)100-71)107-73(72(96)97)35-47(51(74-42(4)81)65(106-73)53(86)46(84)36-76)99-69-60(93)57(90)64(50(39-79)102-69)104-70-59(92)55(88)62(103-70)41(3)80/h41,43-66,68-71,76-80,82-94H,5-40H2,1-4H3,(H,74,81)(H,75,95)(H,96,97)",1551.8569999999993,-1.2128000000000103,C73H134N2O32,21,5,31,51.144848467405076,94.88171256531908,3
59,CNP0115729,"InChI=1S/C67H80N4O9/c1-6-26-70-39-48-34-55(46-16-10-13-43(29-46)24-27-78-7-2)53-25-28-79-51(32-47-35-60(73)56(48)33-45(47)15-9-8-12-42-14-11-17-49(30-42)71-67(68)69-4)36-50(72)21-19-44-20-23-62(77-5)63(31-44)80-40-59-52-22-18-41(3)54-38-61(74)65(53)58(64(52)54)37-57(59)66(75)76/h10-11,13-14,16-18,20,22-23,29-31,33,35,37-38,41,45,47-48,51,53,55,66,70,73-76H,6-9,12,15,19,21,24,26-27,32,34,36,39-40H2,1-5H3,(H3,68,69,71)",1085.395999999999,11.94736999999999,C67H80N4O9,8,11,11,38.84964054188912,57.601563160578706,4
60,CNP0266583,"InChI=1S/C72H87N3O10S4/c1-73-56-36-86-89-58-37-87-88-57(34-74-27-26-68(42-12-3-2-4-13-42)24-9-23-67(38-68)21-7-8-22-67)51-33-53-49-32-50(56)62(78)69(25-20-43-15-16-44-30-48(58)47-31-45(77)17-18-52(47)70(43,44)69)64(49)84-65-61(85-72(82,63(51)79)71(53,65)81)66(80)83-60-55(35-76)75-54-19-14-41-28-39-10-5-6-11-40(39)29-46(41)59(54)60/h2-6,10-12,14,17-19,28-29,31,42-44,48-51,53,56-58,61-65,73-79,81-82H,7-9,13,15-16,20-27,30,32-38H2,1H3",1282.767,11.737199999999993,C72H87N3O10S4,9,20,16,43.27552477965398,59.47153492751937,4
61,CNP0099074,"InChI=1S/C67H99N3O8/c1-62(77)24-8-9-25-63(2)59-54(70-38-62)33-67-45(37-72)21-20-41-19-18-39(36-71)28-49(41)50(31-55(74)61-65(4,78-61)52-17-11-16-48(52)42-12-10-15-46(68)29-42)58-53(64(67,3)34-56(58)75)22-23-57(67)66(59,44-13-6-7-14-44)32-51(60(63)76)43-26-40(35-69-5)27-47(73)30-43/h10,12,15,26-27,30,39,41-42,44-45,48-52,54-55,57,59,61,69-74,77H,6-9,11,13-14,16-25,28-29,31-38,68H2,1-5H3",1074.542,10.1129,C67H99N3O8,8,12,11,37.35030873111908,55.62500333863467,4
62,CNP0302618,"InChI=1S/C64H114N10O17/c1-15-17-18-19-20-21-22-23-24-25-42(77)32-50(78)65-44(28-35(3)4)56(82)66-43(26-27-51(79)80)55(81)74-54-41(14)91-64(90)52(39(11)12)72-61(87)49(34-76)71-58(84)46(30-37(7)8)67-57(83)45(29-36(5)6)68-60(86)48(33-75)70-59(85)47(31-38(9)10)69-62(88)53(40(13)16-2)73-63(54)89/h35-49,52-54,75-77H,15-34H2,1-14H3,(H,65,78)(H,66,82)(H,67,83)(H,68,86)(H,69,88)(H,70,85)(H,71,84)(H,72,87)(H,73,89)(H,74,81)(H,79,80)",1295.6689999999994,2.1874999999999902,C64H114N10O17,14,1,16,42.68630249463653,82.53183151916706,3
63,CNP0152781,"InChI=1S/C54H68N8O13/c1-7-8-10-17-36-18-13-14-19-37(36)22-25-45(67)75-33(5)47-54(74)62(6)43(28-35-20-23-38(65)24-21-35)52(72)57-39(26-31(2)3)48(68)56-40(27-34-15-11-9-12-16-34)50(70)60-46(32(4)64)53(73)58-41(29-44(55)66)49(69)59-42(30-63)51(71)61-47/h9-25,28,31-33,39-42,46-47,63-65H,7-8,26-27,29-30H2,1-6H3,(H2,55,66)(H,56,68)(H,57,72)(H,58,73)(H,59,69)(H,60,70)(H,61,71)/b17-10+,25-22+,43-28+",1037.1809999999996,7.201370000000014,C54H68N8O13,11,4,13,35.60961001436807,59.392976032564825,4
64,CNP0216492,"InChI=1S/C52H91N7O13/c1-12-13-14-15-16-17-18-19-20-21-35-28-42(60)53-36(22-23-43(61)62)46(65)54-37(24-30(2)3)47(66)56-39(26-32(6)7)50(69)59-45(34(10)11)51(70)57-40(29-44(63)64)49(68)55-38(25-31(4)5)48(67)58-41(27-33(8)9)52(71)72-35/h30-41,45H,12-29H2,1-11H3,(H,53,60)(H,54,65)(H,55,68)(H,56,66)(H,57,70)(H,58,67)(H,59,69)(H,61,62)(H,63,64)",1022.3359999999989,4.796300000000011,C52H91N7O13,9,1,11,33.73117637440475,64.71499250374812,3
65,CNP0137075,"InChI=1S/C43H58N4O15/c1-7-23-9-8-10-24(17-23)14-16-58-36-31(48)30-25(35(57-6)34(36)51)13-15-43(41(56)61-39(30)55)37(52)32(49)33(50)40(62-43)60-29-19-27(47-22(4)12-11-21(2)3)26(38(53)54)18-28(29)59-20-46-42(44)45-5/h8-10,17-19,21-22,32-33,37,40-41,47-52,56H,7,11-16,20H2,1-6H3,(H,53,54)(H3,44,45,46)",870.9500000000005,2.98337,C43H58N4O15,11,5,16,29.450871488330854,47.3209507173474,3
66,CNP0100339,"InChI=1S/C69H90N4O9/c1-5-42-14-20-50-51(12-9-28-74)53-13-7-26-68(53)49-33-57(73-64(71-3)72-27-8-11-48-10-6-25-67(48,61(77)23-21-54(68)52(50)30-42)35-43-15-22-58(76)59(31-43)79-4)63-60(34-49)81-66(41-70-2)37-56-44(24-29-80-63)16-18-46-36-65(56,39-66)40-69(78)55(46)32-45-17-19-47(38-75)62(45)82-69/h15-16,18,21-23,31,33-34,42,44-48,50-56,62,70,74-76,78H,5-7,9-14,17,19-20,25-26,28,30,32,35-41H2,1-4H3,(H2,71,72,73)/b23-21-",1119.4979999999998,10.200999999999995,C69H90N4O9,7,13,13,39.84080955907496,56.12956576117706,4
67,CNP0112751,"InChI=1S/C36H67N5O9/c1-19(2)12-25(29(42)17-32(45)37-24(11)34(48)39-26(13-20(3)4)30(43)18-33(46)47)40-36(50)28(15-22(7)8)41-35(49)27(14-21(5)6)38-31(44)16-23(9)10/h19-30,42-43H,12-18H2,1-11H3,(H,37,45)(H,38,44)(H,39,48)(H,40,50)(H,41,49)(H,46,47)",713.9579999999999,6.448900000000008,C36H67N5O9,8,0,8,23.011631021591903,46.739999999999995,3
68,CNP0401378,"InChI=1S/C38H44O13/c1-15(2)7-21(40)30-25(44)10-20(39)18(35(30)48)13-38-34(33-28(47)12-27(46)32(37(33)51-38)23(42)9-17(5)6)19(14-50-38)29-24(43)11-26(45)31(36(29)49)22(41)8-16(3)4/h10-12,15-17,19,34,39,43-49H,7-9,13-14H2,1-6H3",708.757,6.246800000000004,C38H44O13,8,5,13,23.788014239556222,37.094161685754045,4
69,CNP0427015,"InChI=1S/C54H97N11O11/c1-19-34(13)43-54(76)64(17)44(32(9)10)50(72)58-36(15)47(69)55-24-21-39(66)59-37(27-29(3)4)52(74)63(16)45(33(11)12)51(73)62-42(31(7)8)48(70)56-25-22-40(67)60-38(28-30(5)6)53(75)65(18)46(35(14)20-2)49(71)57-26-23-41(68)61-43/h29-38,42-46H,19-28H2,1-18H3,(H,55,69)(H,56,70)(H,57,71)(H,58,72)(H,59,66)(H,60,67)(H,61,68)(H,62,73)",1076.4359999999992,1.5962000000000027,C54H97N11O11,8,1,11,35.31746655403129,68.1842511044606,3
70,CNP0148254,"InChI=1S/C96H160N2O17P2/c1-69(2)35-20-36-70(3)37-21-38-71(4)39-22-40-72(5)41-23-42-73(6)43-24-44-74(7)45-25-46-75(8)47-26-48-76(9)49-27-50-77(10)51-28-52-78(11)53-29-54-79(12)55-30-56-80(13)57-31-58-81(14)59-32-60-82(15)61-33-62-83(16)63-34-64-84(17)65-66-110-116(106,107)115-117(108,109)114-96-90(98-86(19)102)93(105)94(88(68-100)112-96)113-95-89(97-85(18)101)92(104)91(103)87(67-99)111-95/h35,37,39,41,43,45,47,49,51,53,55,57,59,61,63,84,87-96,99-100,103-105H,20-34,36,38,40,42,44,46,48,50,52,54,56,58,60,62,64-68H2,1-19H3,(H,97,101)(H,98,102)(H,106,107)(H,108,109)/b70-37+,71-39+,72-41+,73-43+,74-45+,75-47+,76-49+,77-51+,78-53+,79-55+,80-57+,81-59+,82-61+,83-63+",1676.280999999998,23.09230000000003,C96H160N2O17P2,9,2,15,55.31442503237375,108.05049562315128,4
71,CNP0093286,"InChI=1S/C42H43NO12/c1-3-20-13-22(28-18-34(48)38(50)26-9-5-7-24-25(37(26)28)8-6-10-30(24)44)14-27-21(15-33(47)40(52)36(20)27)11-12-35(49)55-41(42(53)54)29(19-43-4-2)23-16-31(45)39(51)32(46)17-23/h6,8,10-12,14-18,20,29,41,43-48,50-52H,3-5,7,9,13,19H2,1-2H3,(H,53,54)/b12-11+",753.8010000000002,6.32790000000001,C42H43NO12,10,6,12,26.246528913663962,38.38652899796055,4
72,CNP0437336,"InChI=1S/C27H53O12P/c1-2-3-4-5-6-7-8-9-10-11-12-13-14-15-16-17-21(29)38-20(18-28)19-37-40(35,36)39-27-25(33)23(31)22(30)24(32)26(27)34/h20,22-28,30-34H,2-19H2,1H3,(H,35,36)",600.683,2.472299999999999,C27H53O12P,7,1,11,19.034911701480574,37.36541942043721,3
73,CNP0305375,"InChI=1S/C65H75N3O9/c1-41-18-24-54-58-40-77-61-33-44(20-25-60(61)74-3)19-22-52(70)36-53(35-49-34-51(69)23-21-47(49)16-7-6-10-42-14-9-17-50(32-42)68-65(66)67-2)76-29-27-48(62-57(37-56(58)64(72)73)63(54)55(41)38-59(62)71)31-46-15-8-13-43(30-46)26-28-75-39-45-11-4-5-12-45/h8-9,13-15,17-18,20-21,23-25,30,32-34,37-38,41,45,47-49,53,64,69,71-73H,4-7,10-12,16,19,22,26,28,31,35-36,39-40H2,1-3H3,(H3,66,67,68)",1042.3269999999993,12.186869999999992,C65H75N3O9,7,10,10,37.418590227110435,54.73947723385531,3
74,CNP0090462,"InChI=1S/C55H72N4O16/c1-6-31-13-11-14-32(26-31)17-24-71-45-41(61)38-33(43(70-5)42(45)62)16-21-55(51(68)74-48(38)66)50(67)54(69)20-12-15-36-34(25-29(2)3)30(4)59-40-35(47(64)65)27-37(72-28-58-52(56)57-22-9-10-23-60)44(73-49(75-55)46(54)63)39(40)53(36)18-7-8-19-53/h11,13-14,26-27,29-30,34,36,46,49-51,59-63,67-69H,6-10,16-25,28H2,1-5H3,(H,64,65)(H3,56,57,58)",1045.193,4.571070000000003,C55H72N4O16,12,8,17,35.8473003055031,55.034213351866825,3
75,CNP0212175,"InChI=1S/C59H105N13O18/c1-6-8-10-12-13-15-20-24-38(76)26-27-40-53(84)64-33-48(81)63-29-28-47(80)66-39(25-21-17-14-16-19-23-37(75)22-18-11-9-7-2)54(85)69-43(32-46(61)79)56(87)70-42(31-45(60)78)55(86)65-34(3)52(83)68-41(30-44(77)51(62)82)57(88)71-50(36(5)74)59(90)72-49(35(4)73)58(89)67-40/h34-44,49-50,73-77H,6-33H2,1-5H3,(H2,60,78)(H2,61,79)(H2,62,82)(H,63,81)(H,64,84)(H,65,86)(H,66,80)(H,67,89)(H,68,83)(H,69,85)(H,70,87)(H,71,88)(H,72,90)",1284.5620000000001,-3.3867000000000056,C59H105N13O18,18,1,18,42.50123198443437,80.92206127125799,3
76,CNP0259989,"InChI=1S/C55H80N8O10/c1-15-55(11,12)63-28-38(37-23-19-20-24-40(37)63)46(65)44-52(70)57-39(27-33(8)29-64)49(67)56-35(10)48(66)61-45(47(73-14)36-21-17-16-18-22-36)53(71)58-42(32(6)7)54(72)62(13)41(26-31(4)5)50(68)59-43(51(69)60-44)34(9)25-30(2)3/h15-25,28,31-35,39,41-47,64-65H,1,26-27,29H2,2-14H3,(H,56,67)(H,57,70)(H,58,71)(H,59,68)(H,60,69)(H,61,66)",1013.2909999999997,4.075700000000002,C55H80N8O10,8,4,11,34.27030926622142,59.1945647273398,3
77,CNP0189449,"InChI=1S/C56H98O21/c1-7-10-13-18-24-29-38(58)72-47-33(4)67-53(44(64)43(47)63)75-48-34(5)68-54(51(45(48)65)73-39(59)30-25-19-14-11-8-2)76-49-35(6)69-55-52(46(49)66)74-40(60)31-26-21-17-15-16-20-23-28-36(27-22-12-9-3)70-56-50(77-55)42(62)41(61)37(32-57)71-56/h33-37,41-57,61-66H,7-32H2,1-6H3",1107.3789999999997,5.205400000000012,C56H98O21,7,5,21,37.02091582134318,65.61866800522381,4
78,CNP0118603,"InChI=1S/C79H144N2O31/c1-5-7-9-11-13-15-17-19-20-21-22-23-24-25-27-29-31-33-35-37-39-59(92)81-51(52(89)38-36-34-32-30-28-26-18-16-14-12-10-8-6-2)47-103-75-67(99)65(97)70(57(45-85)106-75)109-77-68(100)73(112-79(78(101)102)41-53(90)60(80-49(4)88)72(111-79)61(93)54(91)42-82)71(58(46-86)107-77)110-74-50(40-48(3)87)69(63(95)56(44-84)104-74)108-76-66(98)64(96)62(94)55(43-83)105-76/h50-58,60-77,82-86,89-91,93-100H,5-47H2,1-4H3,(H,80,88)(H,81,92)(H,101,102)",1618.004,2.2226999999999935,C79H144N2O31,19,5,30,53.75533291493731,99.60719176747709,3
79,CNP0437386,"InChI=1S/C57H110N2O15/c1-4-6-8-10-12-14-16-18-20-21-22-23-24-26-28-30-32-34-36-38-45(64)55(70)59-43(49(65)44(63)37-35-33-31-29-27-25-19-17-15-13-11-9-7-5-2)41-71-57-53(69)52(68)54(47(40-61)73-57)74-56-48(58-42(3)62)51(67)50(66)46(39-60)72-56/h43-54,56-57,60-61,63-69H,4-41H2,1-3H3,(H,58,62)(H,59,70)",1063.5059999999987,7.03170000000001,C57H110N2O15,11,2,15,35.800569130730906,68.52822008896993,4
80,CNP0343077,"InChI=1S/C70H128O28/c1-43(73)29-21-19-27-33-45(91-67-63(85)59(81)55(77)49(39-71)95-67)31-23-15-11-7-4-3-5-8-13-17-25-35-47-37-53(75)89-41-52-58(80)62(84)66(88)70(98-52)94-48(38-54(76)90-42-51-57(79)61(83)65(87)69(93-47)97-51)36-26-18-14-10-6-9-12-16-24-32-46(34-28-20-22-30-44(2)74)92-68-64(86)60(82)56(78)50(40-72)96-68/h43-52,55-74,77-88H,3-42H2,1-2H3",1417.7660000000008,2.6474000000000104,C70H128O28,16,5,28,47.02029361689099,86.62012602480489,3
81,CNP0437397,"InChI=1S/C61H69N3O8/c62-58-21-17-42-35-71-50(12-4-2-1-3-8-38-14-20-55(67)43(24-38)25-39-9-7-11-49(66)26-39)31-56(68)41-16-19-51-52(29-41)45(34-65)30-57(69)59(51)72-36-46-28-48(27-44-32-64(33-53(44)46)60(42)63-58)61-22-23-70-37-47(61)18-15-40-10-5-6-13-54(40)61/h5-7,9-11,13-14,16-17,19-21,24,26-28,30,32-33,40-41,47,50,54,56,58,63,65-69H,1-4,8,12,15,18,22-23,25,29,31,34-37,62H2",972.2359999999998,9.987999999999998,C61H69N3O8,7,12,11,35.12653178766129,48.201640815411054,4
82,CNP0315548,"InChI=1S/C53H84N4O12/c1-48(26-59)16-18-52(47(66)67)19-17-50(3)33(35(52)22-48)12-13-39-51(50,4)15-14-38-49(2,27-60)44(69-46-43(64)42(63)37(61)25-68-46)41(62)34(53(38,39)29-9-6-5-7-10-29)21-31-32(24-58)45(65)57-40(31)30(11-8-20-54)36-23-55-28-56-36/h12,23,28-32,34-35,37-44,46,58-64H,5-11,13-22,24-27,54H2,1-4H3,(H,55,56)(H,57,65)(H,66,67)",969.2709999999994,3.7580000000000053,C53H84N4O12,11,9,13,32.850193374784084,51.39375682307836,3
83,CNP0437416,"InChI=1S/C57H77N9O5/c1-6-61-45-27-38-11-7-14-41-37-13-9-22-54(3,30-36-16-19-46(58)64-32-36)31-39-12-8-15-43-49(39)51(68)57(52(69)70-33-44(45)42(18-17-37)48(38)41)56(71-57,50(43)67)24-20-35(2)29-55(23-10-25-63-53(60-5)66-55)40-21-26-62-47(28-40)65-34-59-4/h7-8,11-12,15-20,27-28,32,37,40-42,44-46,48,59,61-62,64-65H,6,9-10,13-14,21-26,29-31,33-34,58H2,1-5H3,(H2,60,63,66)/b35-20+",968.3009999999992,5.737800000000008,C57H77N9O5,8,11,14,34.35903820954796,49.30612195021299,4
84,CNP0171764,"InChI=1S/C39H69N7O9/c1-19(2)14-27-34(49)41-25(12)39(54)55-26(13)32(46-31(47)18-23(9)10)38(53)40-24(11)33(48)42-28(15-20(3)4)35(50)44-30(17-22(7)8)37(52)45-29(16-21(5)6)36(51)43-27/h19-30,32H,14-18H2,1-13H3,(H,40,53)(H,41,49)(H,42,48)(H,43,51)(H,44,50)(H,45,52)(H,46,47)",780.0209999999996,1.5956000000000068,C39H69N7O9,7,1,9,25.405477871709255,48.77970055161545,2
85,CNP0142781,"InChI=1S/C74H130O21/c1-41(25-29-59-35-61(87-13)31-45(5)91-59)69(81)51(11)71(83)49(9)65(79)39-63(77)47(7)67(89-15)37-57-22-18-20-56(94-57)34-54(76)28-24-44(4)74(86)95-72(52(12)70(82)42(2)26-30-60-36-62(88-14)32-46(6)92-60)50(10)66(80)40-64(78)48(8)68(90-16)38-58-21-17-19-55(93-58)33-53(75)27-23-43(3)73(84)85/h17-20,23-24,41-42,45-72,75-83H,21-22,25-40H2,1-16H3,(H,84,85)/b43-23+,44-24+",1355.8329999999994,8.515900000000011,C74H130O21,10,4,20,44.797588279968174,84.63478580363163,4
86,CNP0100625,"InChI=1S/C51H80O18/c1-23(2)18-28-19-48(10,69-45-42(65-27(6)53)41(64-26(5)52)36(55)25(4)63-45)49(11)33-15-12-29-30(50(33)21-51(49,68-28)61-22-50)13-14-32-46(7,8)34(16-17-47(29,32)9)67-43-39(58)37(56)31(20-60-43)66-44-40(59)38(57)35(54)24(3)62-44/h18,24-25,28-45,54-59H,12-17,19-22H2,1-11H3",981.1830000000002,3.163500000000006,C51H80O18,6,9,18,32.23001580669734,52.0003754248793,3
87,CNP0437429,"InChI=1S/C47H79O14P/c1-3-5-7-9-11-12-13-14-15-16-17-18-22-26-30-34-40(49)58-36-39(37-59-62(56,57)61-47-45(54)43(52)42(51)44(53)46(47)55)60-41(50)35-31-27-23-20-19-21-25-29-33-38(48)32-28-24-10-8-6-4-2/h6,8,14-15,20-21,23-25,28-29,33,38-39,42-48,51-55H,3-5,7,9-13,16-19,22,26-27,30-32,34-37H2,1-2H3,(H,56,57)/b8-6+,15-14+,23-20+,25-21+,28-24+,33-29+",899.1089999999996,7.6917000000000115,C47H79O14P,7,1,13,29.822605401715272,57.266877637130804,4
88,CNP0113770,"InChI=1S/C42H84NO12P/c1-3-5-7-9-11-13-15-17-18-19-21-23-25-27-29-31-35(45)43-33(32-54-56(52,53)55-42-40(50)38(48)37(47)39(49)41(42)51)36(46)34(44)30-28-26-24-22-20-16-14-12-10-8-6-4-2/h33-34,36-42,44,46-51H,3-32H2,1-2H3,(H,43,45)(H,52,53)",826.1029999999989,6.866000000000007,C42H84NO12P,9,1,11,26.856278906526494,53.318083182640144,4
89,CNP0437469,"InChI=1S/C77H91N3O10/c1-87-70-27-24-62-61-23-18-46(16-17-47-19-25-66(84)52(31-47)32-48-10-5-14-59(83)33-48)9-6-15-60-39-67(85)53-34-51(13-8-30-81)71-63(37-53)55(42-82)38-68(86)73(71)89-43-56-36-58(35-54-40-80(41-64(54)56)75(65(61)45-88-60)79-74(62)78-70)77-57-22-20-49-11-7-12-50(72(49)77)21-26-69(77)76(90-44-57)28-3-2-4-29-76/h5,7,10-12,14,19,25,31,33,35-36,38,40-41,46,50-51,53,57,60,67,69-70,72,74,78-79,81-86H,2-4,6,8-9,13,15-17,20-22,24,26-30,32,34,37,39,42-45H2,1H3",1218.586,12.694699999999981,C77H91N3O10,8,16,13,43.99700170252621,59.934270311108314,4
90,CNP0141958,"InChI=1S/C45H86O22P4/c1-3-5-7-9-11-13-15-17-19-21-23-25-27-29-31-33-38(46)61-35-37(63-39(47)34-32-30-28-26-24-22-20-18-16-14-12-10-8-6-4-2)36-62-71(59,60)67-42-40(48)43(64-68(50,51)52)45(66-70(56,57)58)44(41(42)49)65-69(53,54)55/h13,15,18,20,37,40-45,48-49H,3-12,14,16-17,19,21-36H2,1-2H3,(H,59,60)(H2,50,51,52)(H2,53,54,55)(H2,56,57,58)/b15-13+,20-18+",1103.0570000000005,9.18770000000001,C45H86O22P4,9,1,15,33.48211278720046,67.79433075379764,4
91,CNP0115112,"InChI=1S/C54H105NO15/c1-3-5-7-9-11-13-15-17-18-19-20-21-22-23-24-26-28-30-32-34-36-42(59)52(66)55-40(45(61)41(58)35-33-31-29-27-25-16-14-12-10-8-6-4-2)39-67-53-49(65)51(46(62)44(38-57)68-53)70-54-48(64)47(63)50(69-54)43(60)37-56/h40-51,53-54,56-65H,3-39H2,1-2H3,(H,55,66)",1008.425999999998,6.497800000000006,C54H105NO15,11,2,15,33.90672228061357,65.02361441251448,4
92,CNP0087412,"InChI=1S/C62H87N5O11/c1-33-8-12-36-13-16-41-34(2)25-51(73)60(4,76)56-38(7-5-6-37(26-43(41)42(36)24-33)44-32-78-57(75)52(44)39-19-22-65-30-39)28-62(77)53-45(18-20-61(56,62)21-23-66-58(63)64)59(3)29-50(72)49(71)27-46(59)55(74)54(53)67-47(31-68)48(70)17-11-35-9-14-40(69)15-10-35/h9-10,13-15,19,22,33-34,37-39,41-47,49-52,56,65,67-69,71-73,76-77H,7-8,11-12,16-18,20-21,23-32H2,1-4H3,(H4,63,64,66)",1078.4019999999994,4.3189000000000055,C62H87N5O11,11,10,14,37.10992111659415,56.51160044058199,3
93,CNP0328579,"InChI=1S/C55H76N4O8/c1-6-35-15-17-40-41(13-10-26-60)43-14-8-23-55(43)39-30-45(51(64)48(31-39)67-53(34-56-2)24-21-37(32-53)29-50(63)66-5)59-52(57-3)58-25-9-12-38-11-7-22-54(38,49(62)20-18-44(55)42(40)27-35)33-36-16-19-46(61)47(28-36)65-4/h15-20,28,30-31,35,37-38,40-44,50,56,60-61,63-64H,6-8,10-14,21-24,26-27,29,32-34H2,1-5H3,(H2,57,58,59)/b20-18-",921.2329999999996,8.379700000000009,C55H76N4O8,7,8,12,32.45932150871784,48.90097674553956,4
94,CNP0437492,"InChI=1S/C44H81O13P/c1-3-5-7-9-11-13-15-17-19-21-23-25-27-29-31-33-38(46)56-36(35-55-58(52,53)57-44-42(50)40(48)39(47)41(49)43(44)51)34-54-37(45)32-30-28-26-24-22-20-18-16-14-12-10-8-6-4-2/h11,13,17,19,36,39-44,47-51H,3-10,12,14-16,18,20-35H2,1-2H3,(H,52,53)/b13-11+,19-17+",849.0929999999994,8.446600000000013,C44H81O13P,6,1,12,27.928758551597923,54.34775252973549,4
95,CNP0075232,"InChI=1S/C115H84O73/c116-38-1-24(2-39(117)67(38)134)100(156)170-22-59-93(96(182-101(157)25-3-40(118)68(135)41(119)4-25)99(186-103(159)27-7-44(122)70(137)45(123)8-27)114(177-59)187-104(160)28-9-46(124)71(138)47(125)10-28)181-111(167)36-17-54(132)77(144)87(154)89(36)174-56-20-35-66(86(153)79(56)146)64-31(14-51(129)76(143)84(64)151)108(164)180-92-60(23-172-106(35)162)178-115(98(95(92)173-29-11-48(126)72(139)49(127)12-29)185-102(158)26-5-42(120)69(136)43(121)6-26)188-112(168)37-18-55(133)78(145)88(155)90(37)175-57-19-34-65(85(152)80(57)147)63-30(13-50(128)75(142)83(63)150)107(163)179-91-58(21-171-105(34)161)176-113(169)97-94(91)183-109(165)32-15-52(130)73(140)81(148)61(32)62-33(110(166)184-97)16-53(131)74(141)82(62)149/h1-20,57-60,80,91-99,113-155,169H,21-23H2",2633.8639999999928,3.573700000000019,C115H84O73,41,20,73,88.52028119242081,128.03178724572606,3
96,CNP0267238,"InChI=1S/C56H83N9O10S/c1-10-35(7)46-54(72)57-39(26-29-76(9)75)48(66)58-40(30-33(3)4)50(68)63-47(36(8)11-2)56(74)65-28-19-25-44(65)55(73)64-27-18-24-43(64)52(70)60-41(31-37-20-14-12-15-21-37)49(67)59-42(32-38-22-16-13-17-23-38)51(69)61-45(34(5)6)53(71)62-46/h12-17,20-23,33-36,39-47H,10-11,18-19,24-32H2,1-9H3,(H,57,72)(H,58,66)(H,59,67)(H,60,70)(H,61,69)(H,62,71)(H,63,68)",1074.3999999999996,2.4239000000000006,C56H83N9O10S,7,5,10,36.12644676677367,60.68216951453155,2
97,CNP0197274,"InChI=1S/C60H89N5O10/c1-7-8-9-19-59-29-47(69)46(68)28-56(59,5)44-17-20-58(21-23-64-55(61)62)52-38(27-60(58,74)50(44)51(53(59)71)65-45(31-66)35(4)67)12-10-11-37(43-32-75-54(72)49(43)39-18-22-63-30-39)26-42-40(34(3)25-48(70)57(52,6)73)16-15-36-14-13-33(2)24-41(36)42/h15,18,22,30,33-34,37-38,40-49,52,63,65-66,68-70,73-74H,7-9,12-14,16-17,19-21,23-29,31-32H2,1-6H3,(H4,61,62,64)",1040.3969999999995,5.713500000000007,C60H89N5O10,10,9,12,35.58306331238687,55.70560933472528,4
98,CNP0437537,"InChI=1S/C65H90N10O19/c1-10-16-49(81)55(83)42-20-15-14-19-39(42)23-26-50(82)72-53-37(9)94-65(93)45(28-34(4)5)68-61(89)51(35(6)7)73-64(92)54(40-21-24-41(80)25-22-40)75-60(88)48(32-78)70-62(90)52(36(8)79)74-59(87)47(31-77)69-57(85)44(29-38-17-12-11-13-18-38)67-56(84)43(27-33(2)3)66-58(86)46(30-76)71-63(53)91/h10-26,33-37,43-49,51-55,76-81,83H,27-32H2,1-9H3,(H,66,86)(H,67,84)(H,68,89)(H,69,85)(H,70,90)(H,71,91)(H,72,82)(H,73,92)(H,74,87)(H,75,88)/b16-10+,26-23+",1315.486,-2.1096000000000084,C65H90N10O19,17,4,19,44.42057818225644,77.31900123452024,3
99,CNP0100801,"InChI=1S/C70H87N5O7/c1-42(2)38-73-41-48-30-45-20-26-72-40-47-11-8-12-49(32-47)54-14-13-53(78)36-58(54)62-55-18-25-70(60(82-68(80)65(62)70)34-46(22-28-76)29-44-9-6-5-7-10-44)64-56(55)15-16-57-59(81-67(79)63(57)64)19-24-69(52-21-27-74-61(35-52)71-4)23-17-50(37-69)66(51(31-45)33-48)75-39-43(3)77/h5-14,19,30-34,36,42-43,46,50,52,55-56,61,64,66,71-78H,15-18,20-29,35,37-41H2,1-4H3/b59-19-,60-34-",1110.4939999999997,10.493,C70H87N5O7,8,14,12,39.83767441360169,56.76570068846612,4
